{"cameraMode":{"drawMode":0,"name":"Shaded","section":"Shading Mode"},"sceneLighting":false,"audioPlay":false,"sceneViewState":{"m_AlwaysRefresh":false,"showFog":true,"showSkybox":false,"showFlares":true,"showImageEffects":true,"showParticleSystems":true,"showVisualEffectGraphs":true,"m_FxEnabled":true},"in2DMode":false,"pivot":{"x":0.012158393859863282,"y":0.4318521022796631,"z":-0.07219254970550537},"rotation":{"x":-0.08431993424892426,"y":0.915533721446991,"z":-0.28653132915496828,"w":-0.26942145824432375},"size":2.1073949337005617,"orthographic":false}