{"cameraMode":{"drawMode":0,"name":"Shaded","section":"Shading Mode"},"sceneLighting":false,"audioPlay":false,"sceneViewState":{"m_AlwaysRefresh":false,"showFog":true,"showSkybox":false,"showFlares":true,"showImageEffects":true,"showParticleSystems":true,"showVisualEffectGraphs":true,"m_FxEnabled":true},"in2DMode":false,"pivot":{"x":0.18924283981323243,"y":0.44037508964538576,"z":0.40944623947143557},"rotation":{"x":0.22739897668361665,"y":-0.2465921938419342,"z":0.0596415214240551,"w":0.9401791095733643},"size":3.6247446537017824,"orthographic":false}