{"cameraMode":{"drawMode":0,"name":"Shaded","section":"Shading Mode"},"sceneLighting":true,"audioPlay":false,"sceneViewState":{"m_AlwaysRefresh":false,"showFog":true,"showSkybox":false,"showFlares":true,"showImageEffects":true,"showParticleSystems":true,"showVisualEffectGraphs":true,"m_FxEnabled":true},"in2DMode":false,"pivot":{"x":0.818871796131134,"y":1.2368113994598389,"z":-2.2494008541107179},"rotation":{"x":0.2058105766773224,"y":-0.013215146958827973,"z":0.002778393216431141,"w":0.9785054922103882},"size":5.578780174255371,"orthographic":false}