{"cameraMode":{"drawMode":0,"name":"Shaded","section":"Shading Mode"},"sceneLighting":true,"audioPlay":false,"sceneViewState":{"m_AlwaysRefresh":false,"showFog":true,"showSkybox":false,"showFlares":true,"showImageEffects":true,"showParticleSystems":true,"showVisualEffectGraphs":true,"m_FxEnabled":true},"in2DMode":false,"pivot":{"x":-0.08162212371826172,"y":-318.0859680175781,"z":-0.25049495697021487},"rotation":{"x":0.24409110844135285,"y":-0.24828577041625977,"z":0.06480296701192856,"w":0.9351937174797058},"size":1.2388336658477784,"orthographic":false}